EmployeeID,Age,Gender,MaritalStatus,City,Department,JobRole,Education,YearsAtCompany,YearsInCurrentRole,MonthlyIncome,BusinessTravel,DistanceFromHome_km,JobSatisfaction,WorkLifeBalance,PerformanceRating,OverTime,TrainingTimesLastYear,NumCompaniesWorked,HireDate,Attrition,PercentSalaryHike,StockOptionLevel,EnvironmentSatisfaction,RelationshipSatisfaction
EMP1001,39,Male,Divorced,Bangalore,Marketing,Marketing Manager,PhD,7,3,59742,Travel Rarely,8,1,3,4,Yes,1,4,2012-04-19,No,5,1,3,2
EMP1002,43,Female,Single,Chennai,Finance,Accountant,Master,3,2,60387,Travel Frequently,30,2,1,3,No,0,3,2012-03-03,No,7,0,3,4
EMP1003,28,Male,Divorced,Pune,Marketing,Content Writer,Bachelor,3,1,62721,Travel Rarely,20,3,3,3,No,0,6,2018-03-08,Yes,13,1,3,4
EMP1004,24,Female,Single,Mumbai,Engineering,DevOps Engineer,Bachelor,1,0,86779,Travel Frequently,29,4,2,4,No,3,8,2011-06-27,No,22,2,3,3
EMP1005,36,Female,Married,Chennai,Legal,Paralegal,PhD,2,2,88609,Travel Rarely,3,2,2,4,No,4,8,2012-01-15,No,5,0,3,3
EMP1006,29,Male,Divorced,Mumbai,Operations,Logistics Coordinator,Bachelor,4,1,68107,Travel Rarely,30,3,4,3,No,4,2,2020-03-05,Yes,22,0,3,3
EMP1007,41,Male,Divorced,Delhi,Marketing,SEO Analyst,Bachelor,7,4,50751,Travel Frequently,5,3,1,2,No,6,6,2022-09-22,No,11,1,3,3
EMP1008,55,Male,Single,Hyderabad,Sales,Sales Manager,High School,14,13,57369,Travel Rarely,21,3,3,1,Yes,5,1,2015-01-15,Yes,21,1,2,3
EMP1009,37,Male,Single,Delhi,Finance,Auditor,Master,15,3,104987,No Travel,22,3,3,3,No,0,3,2014-04-09,Yes,11,3,2,2
EMP1010,26,Male,Single,Delhi,Product,UX Designer,PhD,3,3,118484,No Travel,28,3,1,3,Yes,6,6,2022-05-06,Yes,6,1,3,4
EMP1011,40,Male,Divorced,Mumbai,Operations,Process Manager,High School,13,0,81722,Travel Frequently,18,2,2,3,Yes,5,7,2022-06-19,No,21,1,1,3
EMP1012,26,Female,Single,Pune,Finance,Financial Analyst,Master,1,0,79795,Travel Rarely,11,3,3,3,No,4,6,2022-10-11,No,9,2,3,4
EMP1013,51,Female,Single,Delhi,Marketing,Marketing Manager,Master,19,19,101915,Travel Frequently,12,2,4,2,No,1,8,2012-03-30,Yes,5,2,4,2
EMP1014,29,Female,Married,Kolkata,Finance,Finance Manager,High School,1,0,100926,Travel Frequently,17,3,2,3,No,2,6,2013-06-27,No,13,0,1,4
EMP1015,50,Male,Married,Bangalore,Operations,Supply Chain Analyst,High School,17,9,82194,Travel Rarely,12,4,4,2,No,6,0,2022-07-31,Yes,16,1,3,3
EMP1016,31,Male,Married,Bangalore,Sales,Sales Manager,High School,3,3,100201,No Travel,22,3,2,1,No,6,7,2013-12-21,No,12,1,4,3
EMP1017,36,Female,Single,Hyderabad,Operations,Supply Chain Analyst,Master,0,0,79821,Travel Frequently,22,4,2,4,No,3,4,2018-12-09,No,6,0,3,2
EMP1018,54,Male,Married,Delhi,Sales,Sales Manager,High School,3,2,72587,Travel Frequently,24,3,3,1,No,5,5,2022-12-07,No,8,2,3,3
EMP1019,40,Male,Married,Mumbai,Sales,Sales Manager,Bachelor,17,13,57731,Travel Frequently,18,3,2,3,No,3,5,2019-06-07,No,19,3,3,2
EMP1020,27,Male,Single,Bangalore,Product,UX Designer,PhD,2,2,97887,No Travel,5,4,3,4,Yes,1,7,2023-11-21,No,18,1,3,3
EMP1021,31,Male,Married,Bangalore,Legal,Compliance Officer,PhD,0,0,113130,Travel Rarely,8,4,3,2,No,4,8,2012-05-23,No,18,3,4,3
EMP1022,38,Female,Married,Mumbai,Product,Scrum Master,High School,7,2,120726,No Travel,8,3,2,3,Yes,2,3,2016-03-21,No,17,1,3,1
EMP1023,56,Female,Married,Hyderabad,Legal,Paralegal,Master,14,4,82609,Travel Rarely,19,4,4,3,Yes,6,6,2014-08-22,No,22,1,3,2
EMP1024,46,Male,Single,Pune,Product,Product Manager,PhD,10,2,108688,Travel Rarely,19,4,4,4,No,3,2,2019-01-26,No,6,2,3,2
EMP1025,46,Male,Divorced,Hyderabad,Sales,Business Development,High School,8,3,93715,No Travel,8,1,3,2,No,2,0,2019-06-16,No,24,1,2,3
EMP1026,51,Male,Married,Chennai,Marketing,Content Writer,PhD,22,12,61539,Travel Frequently,4,3,2,3,No,2,3,2018-04-10,Yes,7,1,2,4
EMP1027,44,Female,Divorced,Bangalore,Marketing,Marketing Manager,PhD,17,5,70903,Travel Frequently,12,1,3,3,No,3,8,2018-04-24,Yes,25,2,3,4
EMP1028,49,Female,Married,Hyderabad,Product,Scrum Master,PhD,26,10,113064,No Travel,15,4,2,2,No,6,7,2016-01-08,No,11,2,4,2
EMP1029,55,Male,Single,Mumbai,Operations,Operations Manager,Bachelor,30,12,55434,Travel Frequently,15,4,3,3,No,3,3,2015-06-01,No,14,2,3,3
EMP1030,44,Male,Single,Bangalore,Legal,Paralegal,PhD,22,8,85039,Travel Frequently,23,2,2,2,No,6,8,2016-11-16,No,24,2,4,4
EMP1031,45,Female,Single,Kolkata,Operations,Supply Chain Analyst,High School,5,4,61217,Travel Rarely,28,1,2,1,No,5,7,2021-12-24,Yes,20,3,2,4
EMP1032,29,Male,Divorced,Kolkata,Operations,Process Manager,PhD,1,0,66336,Travel Frequently,8,2,4,3,No,0,6,2011-08-30,No,19,3,2,3
EMP1033,58,Male,Single,Hyderabad,Legal,Paralegal,PhD,19,14,59854,Travel Frequently,18,2,3,2,Yes,1,7,2012-03-23,No,14,0,2,3
EMP1034,36,Male,Single,Hyderabad,Product,Product Manager,Bachelor,14,12,80224,Travel Rarely,27,3,3,4,No,2,4,2023-03-25,No,19,0,3,2
EMP1035,54,Male,Divorced,Kolkata,Legal,Paralegal,Master,17,1,87602,No Travel,22,3,3,4,Yes,1,7,2011-10-21,No,21,3,4,2
EMP1036,27,Male,Married,Hyderabad,Legal,Legal Analyst,Master,3,2,78269,Travel Rarely,13,2,3,2,No,5,1,2017-06-23,No,17,0,3,3
EMP1037,34,Female,Single,Hyderabad,Legal,Legal Counsel,Bachelor,8,2,79153,Travel Rarely,29,2,3,4,No,3,8,2021-03-07,No,5,3,1,4
EMP1038,29,Female,Single,Chennai,Marketing,Brand Manager,Bachelor,2,0,74711,Travel Rarely,5,4,4,3,Yes,4,6,2016-07-18,No,15,2,4,2
EMP1039,31,Female,Single,Kolkata,Operations,Process Manager,PhD,7,0,73506,Travel Rarely,8,3,4,4,No,5,7,2017-09-28,No,17,3,4,4
EMP1040,24,Male,Married,Kolkata,Finance,Auditor,Bachelor,0,0,85942,Travel Rarely,24,4,1,2,No,0,4,2023-03-28,No,15,3,3,4
EMP1041,53,Male,Married,Bangalore,Legal,Paralegal,Master,27,0,90625,No Travel,4,4,4,3,No,3,5,2023-11-07,Yes,6,2,3,3
EMP1042,58,Male,Married,Pune,HR,Training Coordinator,Master,21,14,82708,Travel Rarely,5,3,3,3,No,4,0,2013-10-24,Yes,19,2,3,2
EMP1043,41,Female,Divorced,Mumbai,Product,Product Analyst,High School,13,13,110198,Travel Frequently,12,3,3,2,Yes,4,6,2020-03-31,No,13,0,3,3
EMP1044,40,Male,Divorced,Hyderabad,Engineering,QA Engineer,High School,7,4,100780,Travel Rarely,27,2,4,2,No,5,0,2017-11-26,No,23,2,3,1
EMP1045,48,Female,Divorced,Kolkata,Operations,Logistics Coordinator,Master,5,0,55941,Travel Rarely,16,3,2,3,Yes,6,1,2022-02-05,No,9,1,4,3
EMP1046,27,Male,Divorced,Bangalore,Legal,Paralegal,PhD,3,0,56890,Travel Frequently,12,3,2,3,No,5,8,2022-01-13,Yes,15,1,3,3
EMP1047,48,Female,Divorced,Pune,Product,Product Analyst,Bachelor,3,3,71440,Travel Frequently,12,1,4,3,Yes,3,1,2010-11-01,No,20,3,4,2
EMP1048,50,Male,Single,Kolkata,Sales,Account Manager,PhD,14,1,105151,Travel Frequently,9,3,4,3,No,3,3,2018-02-19,Yes,25,0,1,2
EMP1049,26,Male,Single,Chennai,Finance,Accountant,Master,4,1,67526,No Travel,28,4,4,2,No,2,0,2014-11-05,No,9,0,3,4
EMP1050,33,Male,Divorced,Hyderabad,Sales,Sales Executive,Master,4,3,53418,Travel Frequently,15,3,4,3,No,0,0,2019-06-11,No,6,3,4,3
EMP1051,50,Female,Married,Chennai,Marketing,Brand Manager,PhD,2,0,96520,Travel Frequently,13,2,3,2,No,2,1,2017-03-23,No,25,1,3,4
EMP1052,51,Male,Single,Hyderabad,Legal,Paralegal,PhD,12,1,82623,Travel Frequently,3,2,4,3,No,3,5,2012-02-18,No,9,0,3,3
EMP1053,48,Male,Single,Pune,Sales,Sales Executive,PhD,11,3,100719,No Travel,17,4,3,3,No,4,5,2019-06-27,No,22,2,2,2
EMP1054,57,Female,Divorced,Kolkata,HR,Training Coordinator,Master,24,10,83993,Travel Rarely,6,3,3,3,No,0,0,2023-10-06,No,10,1,3,3
EMP1055,27,Male,Single,Bangalore,Finance,Financial Analyst,Bachelor,5,4,87702,No Travel,20,3,3,3,No,4,1,2018-06-09,No,13,3,3,3
EMP1056,39,Male,Married,Chennai,Product,Scrum Master,High School,6,0,114747,No Travel,2,3,3,2,No,2,4,2012-07-21,No,11,1,4,2
EMP1057,53,Male,Married,Hyderabad,Marketing,Marketing Manager,PhD,23,2,71027,Travel Rarely,13,3,4,3,No,0,6,2012-11-24,No,23,3,3,3
EMP1058,23,Female,Divorced,Hyderabad,Marketing,Brand Manager,PhD,1,1,56949,Travel Frequently,19,3,3,3,Yes,3,5,2023-11-12,No,12,2,4,1
EMP1059,44,Male,Divorced,Delhi,Marketing,Content Writer,PhD,11,9,87169,Travel Frequently,3,2,3,2,No,5,7,2013-04-24,No,23,2,4,3
EMP1060,26,Female,Married,Hyderabad,Finance,Auditor,High School,3,3,82193,Travel Rarely,2,3,1,3,No,0,8,2016-10-16,No,6,3,4,3
EMP1061,52,Male,Single,Pune,HR,HR Analyst,PhD,16,14,50882,Travel Frequently,6,4,4,4,Yes,5,8,2011-05-22,No,24,1,3,4
EMP1062,43,Male,Married,Hyderabad,Legal,Legal Analyst,Bachelor,21,11,94264,Travel Rarely,30,3,2,2,No,5,6,2017-07-04,Yes,9,0,2,3
EMP1063,55,Male,Single,Bangalore,Sales,Account Manager,Bachelor,2,0,87611,Travel Rarely,16,2,4,1,No,6,1,2019-07-01,No,21,0,3,4
EMP1064,31,Female,Single,Chennai,Finance,Auditor,Bachelor,2,1,65884,Travel Rarely,10,3,3,1,No,4,3,2013-09-18,No,16,3,3,2
EMP1065,32,Male,Married,Hyderabad,Legal,Legal Analyst,Bachelor,3,2,107280,Travel Rarely,28,3,3,2,No,5,8,2013-02-07,No,9,3,1,4
EMP1066,23,Female,Single,Bangalore,Product,Product Analyst,High School,1,1,65349,Travel Rarely,27,1,2,3,No,0,2,2021-04-05,No,20,3,3,4
EMP1067,35,Female,Single,Hyderabad,Engineering,Data Analyst,PhD,13,9,69667,Travel Frequently,21,2,2,2,Yes,3,0,2023-08-28,No,25,1,3,2
EMP1068,37,Male,Married,Kolkata,Engineering,Data Analyst,PhD,13,0,72237,Travel Frequently,18,4,3,3,No,4,6,2011-12-03,No,16,2,3,3
EMP1069,37,Female,Divorced,Bangalore,Marketing,SEO Analyst,Bachelor,3,0,89569,Travel Frequently,15,2,3,3,No,5,7,2017-06-16,Yes,6,2,2,4
EMP1070,41,Female,Married,Hyderabad,Engineering,Data Analyst,Master,16,13,86579,Travel Rarely,28,3,2,1,No,0,7,2022-03-07,No,17,2,4,3
EMP1071,55,Female,Married,Delhi,Product,Product Analyst,PhD,8,2,118000,Travel Frequently,11,4,3,3,No,0,7,2019-07-10,Yes,16,3,1,4
EMP1072,39,Female,Single,Bangalore,Sales,Sales Manager,High School,1,0,54722,Travel Frequently,22,3,4,4,Yes,4,5,2019-02-10,No,16,3,4,1
EMP1073,45,Male,Married,Chennai,Finance,Auditor,PhD,11,8,82301,No Travel,1,3,3,3,Yes,0,4,2011-09-22,No,13,3,2,3
EMP1074,29,Female,Divorced,Hyderabad,Product,UX Designer,Master,2,1,121638,No Travel,22,4,4,3,No,2,2,2020-02-21,Yes,16,1,2,2
EMP1075,53,Female,Divorced,Delhi,Finance,Accountant,PhD,0,0,77119,No Travel,13,3,3,4,Yes,2,5,2022-11-02,No,25,0,3,3
EMP1076,57,Female,Divorced,Bangalore,Sales,Account Manager,Master,20,16,84256,Travel Rarely,6,1,2,4,Yes,1,1,2012-11-23,No,13,1,3,3
EMP1077,56,Male,Single,Hyderabad,Finance,Finance Manager,High School,2,2,85960,Travel Frequently,27,2,3,3,No,2,4,2013-10-13,No,25,1,4,3
EMP1078,56,Female,Married,Delhi,Engineering,QA Engineer,PhD,9,3,103149,Travel Rarely,6,3,2,4,Yes,0,2,2016-10-10,No,15,2,3,4
EMP1079,45,Female,Single,Kolkata,Legal,Compliance Officer,Bachelor,16,10,91945,Travel Frequently,28,3,2,2,Yes,3,5,2017-02-27,No,11,1,3,3
EMP1080,53,Female,Married,Chennai,Product,Product Analyst,High School,0,0,67939,Travel Rarely,20,2,3,4,Yes,3,2,2018-10-27,No,13,2,4,3
EMP1081,58,Male,Single,Hyderabad,Legal,Legal Counsel,PhD,17,11,68457,Travel Rarely,22,3,3,3,No,4,8,2022-05-30,No,16,1,2,3
EMP1082,24,Female,Divorced,Pune,Engineering,Software Engineer,Master,0,0,108024,Travel Frequently,6,4,2,2,No,2,8,2020-08-16,No,22,3,3,2
EMP1083,43,Male,Divorced,Hyderabad,Engineering,Data Analyst,PhD,21,5,66953,Travel Frequently,9,3,3,4,Yes,3,6,2019-05-06,No,9,1,1,4
EMP1084,23,Male,Divorced,Bangalore,Marketing,Content Writer,Bachelor,1,1,64664,Travel Frequently,24,3,3,2,No,6,7,2013-05-25,No,21,3,2,2
EMP1085,38,Female,Married,Delhi,Sales,Business Development,Master,15,8,61474,Travel Rarely,7,4,4,3,No,5,1,2015-07-13,No,23,3,4,3
EMP1086,40,Female,Single,Hyderabad,Sales,Account Manager,Bachelor,1,0,66967,No Travel,9,2,3,3,Yes,4,8,2011-10-10,No,12,1,1,3
EMP1087,30,Female,Divorced,Hyderabad,Product,Product Manager,High School,0,0,129502,Travel Frequently,11,4,3,4,Yes,2,0,2013-07-17,No,10,3,4,2
EMP1088,53,Female,Single,Kolkata,Engineering,QA Engineer,PhD,5,2,123189,No Travel,15,3,2,1,No,2,1,2016-06-29,No,15,1,3,3
EMP1089,43,Male,Single,Bangalore,Finance,Financial Analyst,PhD,9,5,90029,No Travel,13,4,4,4,No,0,0,2014-05-02,Yes,13,3,2,4
EMP1090,58,Female,Divorced,Hyderabad,Sales,Business Development,Master,0,0,65465,Travel Frequently,30,2,2,2,No,4,3,2018-01-24,No,12,1,3,3
EMP1091,57,Female,Divorced,Pune,Sales,Sales Manager,Master,29,2,77519,Travel Frequently,3,4,3,4,No,6,1,2022-01-21,No,6,1,3,2
EMP1092,29,Male,Divorced,Delhi,Sales,Sales Manager,Master,3,0,91694,Travel Rarely,19,4,3,3,No,3,4,2020-12-18,Yes,5,1,3,1
EMP1093,56,Female,Married,Delhi,Sales,Sales Executive,PhD,1,1,104231,Travel Rarely,24,2,2,3,Yes,5,1,2011-07-20,No,22,1,3,2
EMP1094,55,Female,Single,Bangalore,Finance,Auditor,PhD,4,2,100018,No Travel,18,4,3,4,No,3,4,2014-12-30,No,11,0,1,3
EMP1095,35,Male,Single,Bangalore,Engineering,DevOps Engineer,Master,1,0,66360,Travel Frequently,8,4,2,3,Yes,3,5,2010-10-03,No,23,2,2,4
EMP1096,41,Female,Divorced,Mumbai,HR,Training Coordinator,PhD,8,6,46423,No Travel,21,3,3,4,No,2,4,2023-04-09,No,17,1,4,3
EMP1097,31,Male,Married,Kolkata,HR,HR Analyst,Master,7,1,88771,Travel Frequently,21,3,3,3,Yes,2,3,2022-08-13,No,6,2,3,3
EMP1098,34,Male,Divorced,Hyderabad,Engineering,Software Engineer,PhD,12,3,111295,Travel Frequently,30,4,2,2,No,1,3,2022-07-15,No,17,1,3,4
EMP1099,56,Female,Single,Mumbai,Legal,Legal Analyst,Master,20,13,78992,No Travel,27,3,4,4,No,6,3,2015-11-13,No,9,0,2,4
EMP1100,31,Female,Divorced,Pune,Legal,Paralegal,PhD,3,3,77111,No Travel,27,3,4,2,No,6,5,2018-07-09,No,10,1,3,3
EMP1101,26,Male,Divorced,Pune,Engineering,Software Engineer,PhD,0,0,111475,No Travel,12,1,2,3,Yes,3,0,2019-04-02,Yes,22,3,1,3
EMP1102,23,Female,Married,Hyderabad,Operations,Logistics Coordinator,Master,1,1,87420,Travel Rarely,12,2,2,2,No,6,3,2014-01-08,Yes,12,2,3,4
EMP1103,47,Male,Divorced,Hyderabad,Engineering,Software Engineer,Bachelor,12,3,85147,Travel Frequently,11,2,3,1,No,6,7,2020-09-04,Yes,13,0,4,3
EMP1104,33,Male,Divorced,Kolkata,Operations,Operations Manager,PhD,5,5,46314,Travel Frequently,19,3,3,4,Yes,1,5,2014-08-25,No,17,1,4,3
EMP1105,25,Female,Married,Delhi,Marketing,SEO Analyst,Bachelor,0,0,71377,Travel Frequently,21,4,3,4,No,0,6,2011-09-15,No,18,1,3,3
EMP1106,37,Female,Married,Mumbai,Marketing,SEO Analyst,Master,2,0,52062,No Travel,1,2,3,4,No,0,1,2013-06-17,No,10,3,3,3
EMP1107,23,Male,Divorced,Chennai,Legal,Legal Counsel,Bachelor,0,0,78650,No Travel,3,4,1,4,No,6,2,2012-02-02,No,13,2,2,2
EMP1108,39,Male,Married,Hyderabad,Finance,Auditor,PhD,13,5,73304,Travel Frequently,4,3,3,4,No,3,6,2011-09-23,No,15,3,2,4
EMP1109,42,Male,Married,Delhi,Finance,Finance Manager,Master,19,12,113710,Travel Rarely,16,3,2,2,No,5,1,2014-07-04,No,23,1,3,3
EMP1110,35,Male,Divorced,Delhi,Engineering,QA Engineer,PhD,7,1,113742,Travel Rarely,9,3,3,4,No,1,7,2011-07-21,No,23,3,3,4
EMP1111,45,Male,Divorced,Pune,Legal,Legal Counsel,PhD,22,10,113312,Travel Rarely,21,2,2,4,No,1,1,2022-01-16,No,5,0,2,3
EMP1112,45,Male,Married,Mumbai,HR,Training Coordinator,Master,12,7,66367,No Travel,4,4,3,2,Yes,0,8,2023-03-15,No,20,2,3,3
EMP1113,26,Male,Divorced,Bangalore,Product,Product Analyst,Master,2,2,64745,Travel Rarely,8,2,4,3,No,5,7,2012-07-31,Yes,12,3,3,2
EMP1114,23,Male,Divorced,Bangalore,Legal,Legal Analyst,Master,0,0,84772,No Travel,19,2,4,3,No,0,7,2019-08-20,No,8,2,3,3
EMP1115,47,Male,Divorced,Bangalore,Sales,Sales Manager,Master,18,3,56979,No Travel,19,4,3,3,Yes,4,4,2017-11-23,No,8,1,3,2
EMP1116,30,Male,Single,Mumbai,Legal,Legal Analyst,PhD,6,4,83074,No Travel,10,3,4,3,No,3,5,2020-11-30,No,5,3,2,4
EMP1117,53,Female,Single,Kolkata,Product,Scrum Master,PhD,13,9,111594,Travel Frequently,8,1,4,2,Yes,2,7,2019-12-16,No,22,0,3,2
EMP1118,50,Female,Single,Delhi,Sales,Sales Executive,High School,17,7,62988,No Travel,9,4,2,4,No,3,5,2019-07-15,Yes,24,3,2,2
EMP1119,25,Male,Single,Kolkata,HR,Recruiter,PhD,2,0,69801,Travel Rarely,17,3,2,3,Yes,6,2,2023-05-22,No,9,1,2,2
EMP1120,53,Female,Divorced,Mumbai,HR,Training Coordinator,PhD,4,3,72040,Travel Rarely,17,1,4,3,No,3,0,2016-01-11,No,7,3,3,3
EMP1121,35,Female,Divorced,Kolkata,Marketing,Brand Manager,High School,6,0,92471,No Travel,26,2,3,4,No,3,7,2021-02-04,No,5,0,4,2
EMP1122,49,Male,Married,Pune,Product,Product Manager,Bachelor,6,0,131696,Travel Rarely,9,4,4,3,Yes,2,4,2012-12-16,No,12,3,3,3
EMP1123,52,Male,Married,Hyderabad,Engineering,DevOps Engineer,Bachelor,2,1,68523,No Travel,14,1,2,3,Yes,6,1,2015-01-27,No,8,2,3,2
EMP1124,31,Female,Single,Hyderabad,Legal,Compliance Officer,High School,1,0,89952,No Travel,20,3,2,2,No,3,6,2010-03-11,No,16,3,2,2
EMP1125,37,Female,Divorced,Hyderabad,Operations,Operations Manager,Bachelor,9,7,86006,Travel Rarely,13,2,3,3,No,5,1,2010-08-08,No,12,3,3,1
EMP1126,42,Male,Single,Mumbai,Engineering,Data Analyst,Bachelor,4,0,85805,No Travel,1,2,3,3,No,0,6,2022-10-01,No,21,2,3,3
EMP1127,47,Female,Married,Chennai,Legal,Legal Analyst,High School,2,1,96994,Travel Frequently,5,2,3,3,Yes,6,6,2022-01-22,No,12,0,2,4
EMP1128,25,Female,Single,Mumbai,Marketing,Brand Manager,Bachelor,2,2,83834,Travel Rarely,17,3,2,3,No,4,1,2013-12-09,Yes,5,2,4,2
EMP1129,58,Male,Single,Pune,Marketing,SEO Analyst,High School,20,1,51792,No Travel,4,4,2,2,Yes,6,3,2020-03-17,No,6,3,3,4
EMP1130,57,Male,Divorced,Pune,Finance,Financial Analyst,High School,25,5,111630,No Travel,12,4,2,2,No,4,8,2019-05-29,No,6,3,1,3
EMP1131,42,Female,Single,Pune,Operations,Logistics Coordinator,Bachelor,2,0,74260,No Travel,19,4,3,3,Yes,2,6,2010-03-07,No,5,1,3,3
EMP1132,22,Female,Single,Hyderabad,Engineering,Data Analyst,Bachelor,0,0,117232,Travel Frequently,23,2,3,3,Yes,1,5,2016-11-24,Yes,19,0,3,3
EMP1133,58,Female,Married,Mumbai,Legal,Legal Counsel,Bachelor,1,0,83838,No Travel,11,2,4,3,No,5,2,2012-12-06,No,23,0,2,2
EMP1134,48,Male,Single,Kolkata,Product,Product Analyst,Master,3,1,99329,No Travel,27,4,1,3,No,2,3,2014-08-28,No,16,3,3,3
EMP1135,23,Male,Single,Bangalore,Operations,Supply Chain Analyst,PhD,1,1,89939,Travel Frequently,2,3,4,2,Yes,0,1,2022-06-21,No,23,2,4,1
EMP1136,50,Female,Single,Delhi,Marketing,Content Writer,PhD,25,5,54606,Travel Rarely,13,1,4,4,No,5,3,2017-06-09,Yes,10,2,2,4
EMP1137,40,Male,Divorced,Kolkata,Engineering,DevOps Engineer,High School,15,12,87515,Travel Frequently,17,3,3,2,No,6,5,2022-05-09,No,20,3,2,3
EMP1138,39,Male,Single,Hyderabad,Sales,Sales Manager,Bachelor,5,5,51901,No Travel,12,4,1,4,No,4,4,2023-05-24,No,22,0,4,4
EMP1139,33,Male,Divorced,Bangalore,Legal,Paralegal,PhD,2,2,71139,Travel Rarely,19,4,1,3,No,4,2,2017-02-18,No,20,0,1,2
EMP1140,55,Male,Single,Chennai,HR,HR Manager,Bachelor,15,3,43433,Travel Frequently,2,3,4,2,No,2,5,2023-10-10,No,7,2,3,3
EMP1141,41,Female,Single,Pune,Marketing,SEO Analyst,Bachelor,10,6,55022,Travel Rarely,18,3,3,3,No,5,4,2013-07-14,No,9,1,3,4
EMP1142,33,Female,Single,Pune,Legal,Legal Counsel,High School,9,5,76365,Travel Rarely,12,4,2,3,No,1,0,2023-09-18,No,13,1,2,1
EMP1143,22,Female,Divorced,Pune,Operations,Operations Manager,Bachelor,0,0,65568,Travel Rarely,27,3,3,4,No,0,1,2019-05-31,No,6,2,1,2
EMP1144,43,Female,Divorced,Hyderabad,Marketing,Marketing Manager,PhD,5,5,95903,No Travel,29,4,1,3,No,4,6,2013-08-11,No,10,0,2,2
EMP1145,57,Male,Single,Mumbai,HR,Training Coordinator,High School,23,13,89308,No Travel,16,2,1,3,No,6,4,2022-02-11,No,25,3,2,1
EMP1146,27,Female,Married,Mumbai,Finance,Finance Manager,Bachelor,3,3,107251,No Travel,6,4,2,3,No,3,4,2016-12-01,No,19,3,2,4
EMP1147,28,Female,Divorced,Bangalore,Engineering,DevOps Engineer,PhD,0,0,104933,No Travel,14,2,1,4,No,4,6,2022-02-22,No,6,1,2,4
EMP1148,35,Female,Married,Pune,Finance,Accountant,High School,12,1,66626,Travel Rarely,20,3,4,4,No,6,8,2010-12-16,No,17,2,4,3
EMP1149,29,Female,Divorced,Mumbai,Engineering,QA Engineer,PhD,6,2,69675,Travel Rarely,26,4,4,4,No,0,7,2022-09-16,No,23,3,1,2
EMP1150,24,Female,Married,Mumbai,Finance,Auditor,PhD,1,0,110109,No Travel,27,3,2,1,No,2,2,2017-06-08,No,14,3,4,2
EMP1151,34,Female,Divorced,Chennai,Legal,Legal Counsel,PhD,7,2,69528,Travel Frequently,3,4,4,4,No,1,0,2019-02-18,No,10,1,4,2
EMP1152,24,Male,Single,Mumbai,Engineering,DevOps Engineer,PhD,1,1,62938,No Travel,22,4,3,3,No,0,7,2018-01-31,No,23,2,2,4
EMP1153,40,Female,Divorced,Hyderabad,Operations,Operations Manager,High School,0,0,65601,No Travel,9,2,2,4,Yes,1,2,2013-08-27,No,24,0,2,3
EMP1154,49,Female,Divorced,Pune,Operations,Logistics Coordinator,Master,12,4,89782,Travel Frequently,1,3,4,3,No,0,1,2020-04-18,No,20,0,2,2
EMP1155,38,Male,Divorced,Hyderabad,Sales,Business Development,PhD,9,4,61249,Travel Rarely,11,4,4,4,No,5,6,2021-08-08,No,17,3,3,3
EMP1156,36,Female,Single,Delhi,HR,HR Analyst,Bachelor,10,4,69917,Travel Frequently,6,3,4,3,No,4,8,2020-09-02,No,10,2,3,2
EMP1157,48,Male,Married,Bangalore,HR,HR Analyst,High School,25,21,87387,Travel Rarely,19,4,3,3,No,4,8,2018-05-03,No,14,3,1,4
EMP1158,43,Male,Single,Delhi,Finance,Accountant,Master,13,3,116200,No Travel,11,2,1,4,No,1,2,2020-04-06,Yes,20,0,2,3
EMP1159,49,Male,Divorced,Hyderabad,Legal,Legal Analyst,Bachelor,15,7,80532,Travel Frequently,7,4,4,3,No,4,5,2010-11-06,No,14,1,2,3
EMP1160,26,Female,Married,Kolkata,Operations,Supply Chain Analyst,Bachelor,0,0,61006,Travel Rarely,11,3,3,3,No,1,0,2016-07-10,No,12,1,3,2
EMP1161,29,Male,Divorced,Kolkata,Engineering,DevOps Engineer,High School,5,0,107855,Travel Frequently,22,4,3,3,No,0,1,2010-11-03,No,18,3,3,3
EMP1162,35,Male,Divorced,Pune,Product,UX Designer,High School,11,4,109876,No Travel,14,3,2,3,No,1,1,2010-03-18,No,20,1,3,4
EMP1163,48,Male,Divorced,Pune,HR,HR Analyst,PhD,9,2,51354,No Travel,3,4,2,2,Yes,5,8,2022-04-18,No,7,0,4,3
EMP1164,38,Male,Single,Kolkata,Product,Product Analyst,Bachelor,14,10,65125,Travel Frequently,4,3,3,4,No,0,2,2013-12-02,No,15,2,4,4
EMP1165,45,Male,Single,Bangalore,Operations,Operations Manager,High School,10,2,55009,No Travel,21,4,3,3,No,3,6,2018-12-28,No,23,3,4,3
EMP1166,44,Male,Divorced,Kolkata,Finance,Auditor,Bachelor,19,10,56398,Travel Frequently,11,4,3,3,Yes,5,8,2012-12-06,No,24,0,3,3
EMP1167,46,Female,Single,Hyderabad,Product,Product Analyst,PhD,4,2,120667,No Travel,28,1,4,3,No,3,5,2022-07-10,No,13,0,3,3
EMP1168,37,Male,Married,Delhi,Legal,Legal Analyst,High School,2,2,85382,Travel Frequently,1,3,2,4,No,5,0,2022-11-08,No,7,2,4,3
EMP1169,45,Male,Divorced,Bangalore,Product,Product Analyst,High School,1,1,119087,Travel Rarely,4,3,3,4,No,3,4,2020-03-11,No,22,2,3,1
EMP1170,30,Female,Single,Kolkata,Finance,Auditor,PhD,6,0,61274,Travel Frequently,23,4,2,2,No,1,1,2023-09-14,No,19,3,3,4
EMP1171,22,Male,Single,Delhi,Finance,Auditor,Master,0,0,89121,Travel Rarely,6,3,4,3,Yes,4,3,2019-09-16,No,13,3,4,4
EMP1172,30,Male,Single,Chennai,Product,UX Designer,Master,6,5,104017,Travel Rarely,7,4,3,3,No,5,2,2021-06-28,No,25,1,3,3
EMP1173,44,Male,Divorced,Hyderabad,Sales,Sales Executive,High School,17,12,78069,No Travel,14,3,4,3,No,6,0,2022-10-19,No,6,1,2,4
EMP1174,31,Male,Divorced,Pune,Operations,Logistics Coordinator,PhD,0,0,81410,Travel Frequently,24,3,3,3,No,5,4,2016-08-14,No,6,3,3,4
EMP1175,22,Male,Divorced,Bangalore,Sales,Sales Executive,Master,0,0,62097,No Travel,24,3,3,4,No,4,1,2019-12-09,No,10,1,3,2
EMP1176,39,Female,Divorced,Hyderabad,Engineering,QA Engineer,Master,17,15,77468,Travel Frequently,30,2,3,3,Yes,1,8,2013-08-11,No,16,0,4,2
EMP1177,55,Female,Married,Bangalore,HR,Recruiter,PhD,2,2,82398,Travel Frequently,11,1,2,3,Yes,2,0,2013-07-29,No,8,2,3,4
EMP1178,42,Female,Married,Hyderabad,HR,HR Manager,Master,12,10,88830,No Travel,17,2,4,3,No,2,5,2012-07-17,No,21,0,4,2
EMP1179,35,Female,Divorced,Kolkata,Engineering,Software Engineer,High School,10,10,102306,No Travel,25,2,3,3,No,5,0,2014-10-13,No,19,2,1,1
EMP1180,57,Male,Divorced,Hyderabad,Finance,Finance Manager,High School,2,2,90477,Travel Frequently,22,3,3,3,No,3,0,2015-02-08,No,7,2,4,2
EMP1181,40,Male,Married,Pune,Operations,Operations Manager,Master,14,0,65333,Travel Frequently,10,2,3,3,No,4,8,2010-09-10,No,9,0,1,3
EMP1182,41,Female,Single,Hyderabad,Legal,Legal Counsel,Bachelor,6,5,103890,Travel Frequently,27,4,2,4,Yes,4,0,2017-09-17,No,22,3,3,1
EMP1183,28,Male,Married,Delhi,Marketing,SEO Analyst,PhD,1,1,87072,Travel Frequently,29,3,2,3,Yes,0,4,2020-12-05,No,23,1,3,3
EMP1184,32,Female,Married,Delhi,Sales,Sales Manager,Master,0,0,68441,Travel Rarely,29,2,3,3,No,2,8,2014-12-20,No,8,1,3,1
EMP1185,56,Male,Single,Chennai,Operations,Supply Chain Analyst,Master,6,4,59188,Travel Frequently,13,4,3,4,No,4,7,2011-09-19,No,25,1,3,2
EMP1186,51,Male,Married,Bangalore,Operations,Supply Chain Analyst,Bachelor,16,4,72041,Travel Frequently,6,2,4,1,No,5,7,2018-11-25,No,16,0,2,3
EMP1187,45,Female,Single,Pune,Marketing,SEO Analyst,Master,7,4,49928,Travel Frequently,21,3,4,4,No,0,8,2014-08-21,No,23,1,3,3
EMP1188,46,Male,Single,Hyderabad,Marketing,SEO Analyst,Master,7,3,75690,No Travel,15,4,4,3,Yes,1,2,2017-11-30,No,10,2,3,4
EMP1189,43,Male,Single,Pune,HR,Training Coordinator,High School,3,1,67283,No Travel,19,3,3,3,Yes,1,2,2020-09-27,No,13,1,3,3
EMP1190,27,Male,Divorced,Pune,Engineering,Data Analyst,Master,1,0,90045,Travel Frequently,25,4,3,2,No,6,5,2020-07-28,No,19,0,2,3
EMP1191,34,Male,Single,Delhi,Marketing,Marketing Manager,Bachelor,8,8,94361,No Travel,2,3,2,4,No,4,6,2021-04-24,No,21,3,3,1
EMP1192,52,Female,Single,Kolkata,Legal,Compliance Officer,High School,25,9,105194,Travel Frequently,9,4,3,3,Yes,1,8,2017-11-11,No,18,2,2,3
EMP1193,55,Female,Divorced,Mumbai,Engineering,Software Engineer,Master,0,0,85002,No Travel,9,3,2,3,No,2,6,2014-08-10,No,22,3,2,3
EMP1194,41,Male,Single,Chennai,Product,Product Analyst,PhD,18,10,85842,Travel Frequently,6,3,3,4,No,5,0,2018-12-06,No,10,3,4,1
EMP1195,52,Female,Divorced,Chennai,Marketing,Content Writer,High School,29,24,80253,No Travel,20,1,1,2,No,3,7,2011-12-24,Yes,19,0,2,3
EMP1196,24,Female,Married,Pune,Operations,Supply Chain Analyst,PhD,2,1,72048,Travel Frequently,9,3,3,3,No,0,3,2015-03-13,No,21,0,3,1
EMP1197,57,Female,Single,Delhi,Marketing,SEO Analyst,High School,29,17,79311,No Travel,1,3,2,3,No,4,8,2017-10-17,No,14,2,4,4
EMP1198,50,Male,Married,Hyderabad,Operations,Logistics Coordinator,PhD,12,10,74784,No Travel,16,3,3,4,No,0,3,2015-06-16,No,15,3,4,3
EMP1199,37,Male,Married,Pune,Engineering,Data Analyst,Bachelor,9,3,65824,Travel Frequently,6,3,3,4,No,2,3,2017-09-02,Yes,13,1,2,4
EMP1200,28,Female,Divorced,Kolkata,Sales,Account Manager,Master,0,0,103402,No Travel,11,3,1,4,No,4,8,2021-01-18,No,13,3,2,3
EMP1201,52,Female,Divorced,Hyderabad,Engineering,QA Engineer,High School,30,21,96272,No Travel,15,4,3,4,Yes,4,6,2021-04-09,No,23,0,2,3
EMP1202,57,Female,Married,Mumbai,Operations,Supply Chain Analyst,PhD,8,2,57831,Travel Frequently,12,2,3,3,No,6,2,2020-07-28,No,23,1,4,3
EMP1203,46,Female,Married,Mumbai,HR,Training Coordinator,Master,6,4,50633,Travel Frequently,17,3,2,1,No,5,0,2013-05-10,No,17,0,3,1
EMP1204,28,Male,Divorced,Chennai,Operations,Process Manager,Bachelor,3,2,84218,Travel Rarely,12,4,2,3,Yes,0,5,2015-10-30,No,21,3,4,3
EMP1205,40,Male,Single,Bangalore,Marketing,Brand Manager,Master,14,3,81965,Travel Rarely,28,4,3,3,No,3,5,2013-04-01,No,25,2,3,3
EMP1206,50,Male,Divorced,Mumbai,Legal,Paralegal,High School,24,6,111219,No Travel,24,3,2,3,No,1,6,2018-02-23,No,8,0,1,4
EMP1207,47,Female,Married,Pune,Engineering,Software Engineer,Bachelor,16,4,111519,Travel Frequently,8,1,4,3,No,1,2,2011-11-13,Yes,5,0,3,4
EMP1208,51,Female,Divorced,Pune,Sales,Sales Manager,Master,27,11,81537,Travel Rarely,21,4,3,2,No,3,8,2016-02-10,No,12,0,3,3
EMP1209,41,Male,Married,Kolkata,Operations,Supply Chain Analyst,Master,0,0,45504,No Travel,10,1,4,3,No,3,8,2013-01-21,No,16,1,3,3
EMP1210,32,Female,Married,Pune,Legal,Compliance Officer,Master,10,6,80942,No Travel,26,3,3,2,No,4,1,2018-06-27,No,10,1,2,3
EMP1211,53,Male,Single,Hyderabad,Product,Product Analyst,Bachelor,6,0,84173,Travel Rarely,15,2,2,3,Yes,5,3,2013-05-31,Yes,15,3,2,4
EMP1212,24,Female,Single,Hyderabad,Sales,Sales Manager,Bachelor,1,1,55020,Travel Rarely,9,1,3,4,Yes,6,3,2013-04-11,Yes,6,1,3,4
EMP1213,46,Female,Single,Mumbai,HR,Training Coordinator,High School,21,21,91076,No Travel,21,3,3,3,Yes,3,1,2017-03-31,Yes,12,3,2,2
EMP1214,47,Female,Single,Pune,Operations,Operations Manager,Master,25,24,58140,Travel Frequently,6,3,2,3,No,1,0,2010-12-11,No,6,2,3,3
EMP1215,53,Female,Divorced,Bangalore,Marketing,Content Writer,Master,7,0,64830,Travel Rarely,13,4,3,4,Yes,5,7,2022-07-11,No,22,2,3,3
EMP1216,42,Female,Married,Hyderabad,Finance,Finance Manager,PhD,14,11,71780,No Travel,18,1,2,3,Yes,2,0,2023-06-06,No,24,2,4,2
EMP1217,34,Male,Single,Bangalore,Marketing,Brand Manager,High School,8,3,84767,No Travel,3,3,2,3,Yes,5,7,2022-05-15,Yes,11,0,1,3
EMP1218,55,Male,Married,Kolkata,Legal,Legal Analyst,High School,19,11,100884,Travel Frequently,16,3,1,2,No,5,6,2015-09-28,Yes,16,0,4,2
EMP1219,41,Male,Divorced,Pune,Engineering,Software Engineer,PhD,2,2,123733,No Travel,19,3,2,3,No,1,5,2021-08-26,Yes,19,3,4,2
EMP1220,54,Female,Married,Kolkata,Finance,Auditor,PhD,10,5,95629,Travel Frequently,28,3,2,3,No,2,3,2021-12-22,No,23,1,3,3
EMP1221,50,Female,Single,Bangalore,Operations,Logistics Coordinator,Master,14,0,95410,Travel Frequently,1,3,3,4,No,2,4,2010-01-02,No,22,1,1,3
EMP1222,38,Female,Married,Bangalore,Finance,Accountant,PhD,11,11,110112,Travel Frequently,3,1,3,4,No,5,1,2015-08-09,No,24,2,1,4
EMP1223,25,Male,Divorced,Kolkata,Legal,Legal Counsel,PhD,2,0,78267,Travel Rarely,30,4,2,4,No,4,8,2019-09-28,No,6,2,3,2
EMP1224,25,Female,Divorced,Pune,HR,Recruiter,High School,3,3,91563,Travel Rarely,3,3,4,2,Yes,2,1,2023-05-08,No,17,3,4,2
EMP1225,57,Female,Divorced,Chennai,Finance,Auditor,High School,6,0,85042,Travel Frequently,14,3,2,3,Yes,6,6,2022-10-25,No,18,2,2,2
EMP1226,32,Male,Single,Pune,Engineering,Data Analyst,High School,5,1,101403,Travel Frequently,25,4,2,3,No,1,2,2019-12-02,No,14,0,2,4
EMP1227,52,Male,Married,Chennai,Operations,Process Manager,High School,0,0,62757,No Travel,23,4,3,3,No,1,0,2022-01-25,No,14,1,4,3
EMP1228,22,Male,Married,Chennai,Engineering,QA Engineer,High School,0,0,85927,Travel Rarely,13,3,2,4,Yes,5,8,2016-02-01,No,7,1,2,4
EMP1229,37,Male,Divorced,Mumbai,Engineering,Software Engineer,PhD,9,0,82182,Travel Frequently,9,3,3,1,No,4,4,2018-10-28,No,12,1,2,3
EMP1230,46,Female,Married,Chennai,Finance,Financial Analyst,Bachelor,16,6,114541,Travel Frequently,30,3,3,3,No,2,2,2023-09-27,No,23,1,4,2
EMP1231,31,Male,Married,Delhi,Finance,Auditor,PhD,9,4,111827,Travel Rarely,24,3,2,3,No,1,4,2017-02-13,Yes,9,1,2,2
EMP1232,36,Male,Married,Delhi,Operations,Supply Chain Analyst,PhD,3,1,81243,No Travel,12,2,4,4,No,5,3,2018-01-22,Yes,12,0,3,4
EMP1233,36,Female,Married,Bangalore,Operations,Process Manager,PhD,11,6,80409,No Travel,23,4,4,2,No,3,6,2014-07-20,No,15,3,3,3
EMP1234,50,Male,Single,Mumbai,Engineering,Software Engineer,PhD,14,6,115736,Travel Rarely,17,3,4,2,Yes,3,4,2010-12-14,No,19,1,3,3
EMP1235,51,Female,Married,Delhi,Engineering,DevOps Engineer,High School,26,5,103434,Travel Rarely,13,4,4,2,No,1,3,2012-01-11,No,19,0,2,3
EMP1236,27,Female,Single,Kolkata,Finance,Financial Analyst,Bachelor,0,0,98668,Travel Frequently,13,3,4,3,No,1,2,2018-02-21,Yes,10,1,2,3
EMP1237,41,Female,Divorced,Kolkata,Legal,Paralegal,High School,14,9,74481,Travel Rarely,16,2,3,2,Yes,3,3,2014-01-20,Yes,11,3,3,3
EMP1238,57,Male,Divorced,Chennai,Engineering,DevOps Engineer,Master,8,5,101644,No Travel,28,2,1,2,No,1,0,2022-07-04,No,8,3,4,2
EMP1239,51,Male,Married,Delhi,Operations,Supply Chain Analyst,Bachelor,23,3,75606,Travel Frequently,27,3,3,3,Yes,3,4,2010-10-21,Yes,15,3,3,3
EMP1240,58,Female,Married,Chennai,Engineering,Software Engineer,Master,23,4,126095,Travel Frequently,14,3,4,3,No,2,7,2021-11-12,No,21,3,3,2
EMP1241,34,Female,Married,Chennai,HR,HR Analyst,Bachelor,0,0,49263,Travel Frequently,2,4,4,2,No,3,3,2020-06-05,No,14,2,4,2
EMP1242,29,Female,Single,Pune,Sales,Sales Executive,Bachelor,5,3,70062,No Travel,16,2,2,1,No,5,7,2022-10-05,No,22,2,3,4
EMP1243,58,Male,Married,Kolkata,Engineering,Data Analyst,High School,23,10,105617,Travel Rarely,3,3,4,2,No,2,8,2022-06-15,No,10,3,2,2
EMP1244,24,Female,Single,Kolkata,Operations,Logistics Coordinator,Bachelor,1,0,67021,Travel Rarely,4,4,2,3,No,1,8,2021-02-23,No,5,3,4,2
EMP1245,55,Male,Married,Delhi,Sales,Sales Manager,High School,9,0,95070,Travel Rarely,24,4,3,2,No,1,0,2013-03-19,No,24,0,2,4
EMP1246,23,Male,Single,Mumbai,Marketing,SEO Analyst,High School,1,0,82353,Travel Frequently,9,2,2,2,No,0,8,2014-09-16,No,21,0,2,3
EMP1247,31,Male,Single,Delhi,Sales,Business Development,High School,4,0,83467,Travel Rarely,29,2,3,3,Yes,3,6,2013-11-04,Yes,10,3,3,2
EMP1248,51,Female,Married,Delhi,HR,HR Manager,Bachelor,18,10,49937,Travel Rarely,5,3,4,3,No,1,7,2020-07-03,Yes,20,0,1,2
EMP1249,32,Male,Married,Chennai,Product,Scrum Master,PhD,4,3,115663,Travel Frequently,21,3,3,3,Yes,4,6,2023-07-23,No,12,1,3,4
EMP1250,43,Male,Divorced,Pune,Legal,Legal Counsel,PhD,6,0,108090,Travel Frequently,22,3,2,4,No,1,7,2023-04-04,No,15,0,4,2
EMP1251,28,Male,Single,Pune,Legal,Legal Counsel,Bachelor,5,3,108100,Travel Frequently,29,1,2,3,Yes,4,4,2018-07-02,No,17,3,2,3
EMP1252,58,Female,Single,Kolkata,Sales,Business Development,Master,25,1,103000,Travel Rarely,1,3,4,4,No,4,8,2016-10-30,No,6,0,3,4
EMP1253,40,Female,Single,Bangalore,Sales,Sales Executive,PhD,0,0,63949,Travel Rarely,6,3,3,3,No,5,2,2023-03-28,No,14,1,2,1
EMP1254,53,Female,Divorced,Bangalore,Engineering,DevOps Engineer,PhD,21,16,89197,Travel Rarely,30,3,3,3,No,4,8,2013-01-17,Yes,19,3,3,2
EMP1255,37,Male,Single,Pune,Engineering,QA Engineer,Master,8,7,87436,Travel Frequently,16,1,3,1,No,4,1,2022-04-02,No,21,0,2,3
EMP1256,25,Female,Single,Hyderabad,Marketing,SEO Analyst,Master,2,2,76705,Travel Frequently,10,3,3,3,No,6,4,2010-03-30,No,6,3,3,3
EMP1257,40,Male,Divorced,Bangalore,Operations,Operations Manager,Bachelor,15,14,49790,Travel Rarely,1,2,3,4,Yes,2,2,2021-05-04,Yes,13,1,3,4
EMP1258,27,Male,Single,Chennai,Engineering,Data Analyst,Master,1,0,99996,Travel Frequently,21,3,3,4,No,5,4,2013-06-16,No,8,0,2,3
EMP1259,56,Female,Divorced,Pune,Operations,Process Manager,High School,7,1,65249,Travel Frequently,13,4,1,2,No,3,5,2018-10-01,No,18,2,2,2
EMP1260,47,Male,Divorced,Hyderabad,Marketing,SEO Analyst,High School,14,0,89659,Travel Rarely,11,2,2,3,No,1,1,2015-06-04,No,21,0,3,3
EMP1261,34,Male,Single,Kolkata,Operations,Logistics Coordinator,Bachelor,0,0,46732,Travel Frequently,23,4,2,3,No,0,2,2012-01-24,Yes,8,1,2,3
EMP1262,39,Female,Single,Delhi,Marketing,Brand Manager,High School,13,7,85256,No Travel,9,2,1,4,No,0,6,2017-04-03,No,10,3,2,3
EMP1263,28,Male,Single,Pune,Legal,Compliance Officer,PhD,3,2,101785,No Travel,5,3,4,2,Yes,3,5,2012-04-26,Yes,17,0,3,4
EMP1264,49,Female,Married,Pune,Product,Scrum Master,Master,12,6,121021,No Travel,18,4,4,1,No,4,1,2011-07-29,No,16,2,1,3
EMP1265,33,Female,Divorced,Bangalore,Operations,Supply Chain Analyst,Bachelor,8,0,47545,No Travel,3,3,2,3,No,3,0,2018-08-14,No,23,1,3,1
EMP1266,56,Male,Divorced,Pune,Operations,Process Manager,PhD,30,30,88881,Travel Frequently,4,2,2,1,No,3,8,2020-01-29,No,9,1,4,1
EMP1267,23,Male,Married,Chennai,Finance,Auditor,Bachelor,1,0,111207,No Travel,27,2,2,3,Yes,2,1,2023-11-14,Yes,20,1,1,2
EMP1268,42,Male,Single,Mumbai,Sales,Sales Manager,Bachelor,3,3,106609,No Travel,11,4,2,3,Yes,1,5,2022-12-02,No,22,1,3,4
EMP1269,28,Female,Married,Pune,Engineering,DevOps Engineer,PhD,6,5,117120,No Travel,23,4,1,2,Yes,0,3,2023-09-27,No,9,2,3,3
EMP1270,33,Male,Divorced,Mumbai,Finance,Financial Analyst,Bachelor,11,7,85792,Travel Frequently,17,2,1,4,Yes,0,3,2011-12-23,No,13,0,2,4
EMP1271,33,Male,Single,Pune,Product,Scrum Master,High School,2,2,108778,No Travel,15,2,2,3,No,6,2,2010-12-20,Yes,5,3,3,1
EMP1272,42,Male,Single,Delhi,HR,Training Coordinator,PhD,13,0,53258,Travel Rarely,13,2,2,2,No,1,2,2017-04-22,No,11,3,2,3
EMP1273,44,Female,Single,Mumbai,Product,UX Designer,Bachelor,8,2,75835,Travel Frequently,6,2,2,3,No,3,8,2012-11-08,Yes,12,0,3,3
EMP1274,51,Male,Married,Hyderabad,HR,Training Coordinator,High School,8,7,44119,Travel Frequently,5,2,3,2,No,4,8,2019-08-09,No,6,3,3,3
EMP1275,53,Female,Divorced,Mumbai,Marketing,Brand Manager,Bachelor,7,7,52120,Travel Frequently,1,2,3,3,Yes,0,0,2010-04-12,No,19,3,4,4
EMP1276,45,Female,Divorced,Chennai,Legal,Compliance Officer,Bachelor,20,2,85714,Travel Frequently,25,4,2,2,Yes,3,5,2010-01-12,No,6,2,4,2
EMP1277,24,Female,Divorced,Kolkata,Sales,Sales Manager,Bachelor,1,0,71506,Travel Rarely,4,4,2,3,No,4,5,2022-07-14,No,13,3,2,1
EMP1278,53,Male,Single,Delhi,Sales,Sales Manager,High School,16,2,80736,Travel Rarely,26,4,4,3,No,2,2,2012-10-02,No,14,0,2,2
EMP1279,31,Male,Married,Bangalore,Finance,Auditor,High School,3,0,87090,No Travel,24,3,2,4,No,3,8,2010-07-05,No,25,2,3,2
EMP1280,55,Female,Single,Bangalore,Sales,Sales Manager,Master,26,9,81991,Travel Rarely,12,4,2,2,Yes,3,2,2020-04-09,No,24,1,3,2
EMP1281,32,Female,Single,Mumbai,Finance,Accountant,PhD,3,1,61895,Travel Frequently,11,3,2,3,No,5,4,2017-02-06,No,8,0,3,3
EMP1282,42,Male,Divorced,Pune,Finance,Auditor,PhD,4,2,54867,Travel Frequently,19,3,3,3,Yes,6,1,2022-04-02,No,20,0,2,3
EMP1283,47,Female,Single,Hyderabad,Operations,Operations Manager,High School,19,17,89225,Travel Rarely,30,3,2,3,No,6,1,2020-01-02,No,21,3,2,2
EMP1284,47,Male,Single,Pune,Engineering,Data Analyst,PhD,4,3,108185,Travel Rarely,18,2,3,3,No,6,4,2019-08-05,No,10,3,3,3
EMP1285,35,Female,Married,Bangalore,Marketing,Content Writer,PhD,4,4,73418,No Travel,21,4,4,2,Yes,3,3,2021-10-13,No,10,3,2,3
EMP1286,53,Female,Married,Bangalore,Operations,Logistics Coordinator,PhD,17,7,83972,No Travel,4,2,4,1,No,3,1,2015-01-14,Yes,13,3,4,1
EMP1287,58,Male,Single,Mumbai,Sales,Sales Manager,PhD,13,11,100416,No Travel,6,3,3,4,Yes,2,5,2020-09-04,No,10,0,2,3
EMP1288,40,Female,Divorced,Kolkata,Sales,Sales Executive,Master,9,4,80905,Travel Frequently,11,2,1,4,No,4,5,2011-09-22,No,8,2,4,1
EMP1289,53,Male,Married,Delhi,Operations,Logistics Coordinator,High School,13,1,63196,No Travel,23,2,2,2,No,4,0,2013-08-28,Yes,20,2,2,3
EMP1290,33,Female,Divorced,Kolkata,Product,Product Analyst,High School,11,1,83049,No Travel,3,2,2,4,Yes,1,7,2012-08-29,No,18,0,2,1
EMP1291,29,Female,Single,Hyderabad,Engineering,QA Engineer,Bachelor,4,2,62443,Travel Frequently,6,4,4,4,Yes,1,5,2016-10-07,No,16,1,4,4
EMP1292,28,Male,Single,Chennai,HR,HR Manager,PhD,6,2,72075,Travel Frequently,24,4,2,3,No,0,2,2010-04-25,No,19,0,2,3
EMP1293,35,Female,Divorced,Pune,Legal,Legal Analyst,High School,8,1,70563,Travel Rarely,23,3,3,3,No,2,7,2012-07-13,No,8,3,2,3
EMP1294,36,Female,Divorced,Hyderabad,Operations,Process Manager,PhD,8,7,66678,Travel Frequently,1,4,3,2,No,1,1,2019-08-07,No,8,1,3,3
EMP1295,26,Female,Divorced,Delhi,Marketing,Content Writer,Master,2,1,100651,Travel Frequently,9,3,2,4,No,3,6,2017-08-06,No,20,2,2,3
EMP1296,53,Female,Single,Mumbai,Marketing,SEO Analyst,High School,15,2,60156,Travel Frequently,13,4,3,3,Yes,1,8,2013-01-07,Yes,20,3,2,3
EMP1297,56,Female,Married,Delhi,Product,Product Analyst,PhD,10,0,118587,No Travel,15,1,3,4,No,3,2,2022-02-15,No,22,2,4,2
EMP1298,41,Male,Divorced,Hyderabad,Legal,Compliance Officer,PhD,12,4,87197,Travel Rarely,28,3,3,3,No,4,6,2012-06-15,No,24,2,4,2
EMP1299,24,Female,Married,Mumbai,Engineering,Software Engineer,High School,0,0,116411,No Travel,12,4,3,3,No,3,3,2017-10-28,No,25,2,3,4
EMP1300,29,Female,Divorced,Hyderabad,Marketing,SEO Analyst,Master,5,3,56835,Travel Frequently,1,4,3,3,No,2,6,2022-01-28,No,15,0,4,2
EMP1301,53,Male,Married,Mumbai,HR,HR Analyst,High School,16,9,83648,Travel Frequently,3,4,2,3,No,6,6,2017-08-13,Yes,12,0,3,3
EMP1302,26,Female,Single,Delhi,Sales,Business Development,PhD,4,2,96548,Travel Frequently,14,1,4,3,No,2,8,2020-08-29,No,19,1,4,3
EMP1303,35,Male,Divorced,Bangalore,Finance,Auditor,Master,10,7,114636,No Travel,24,4,4,3,No,4,3,2020-06-25,No,9,2,4,3
EMP1304,48,Female,Married,Delhi,Marketing,Content Writer,PhD,8,6,92409,Travel Frequently,26,3,2,3,Yes,1,0,2013-08-08,No,11,1,2,1
EMP1305,24,Female,Divorced,Pune,Operations,Supply Chain Analyst,High School,2,1,70763,Travel Frequently,29,2,2,4,Yes,3,2,2010-06-13,Yes,12,0,3,3
EMP1306,53,Male,Married,Bangalore,Marketing,SEO Analyst,Bachelor,28,3,52509,No Travel,24,2,3,4,No,5,3,2023-06-15,Yes,13,3,3,4
EMP1307,56,Female,Divorced,Mumbai,Engineering,QA Engineer,Master,11,0,107074,Travel Frequently,12,3,4,3,No,1,0,2012-07-14,No,6,1,2,3
EMP1308,56,Male,Married,Bangalore,Sales,Sales Executive,Bachelor,27,14,64015,Travel Frequently,30,3,4,4,Yes,0,5,2019-12-04,No,25,3,4,2
EMP1309,52,Female,Married,Chennai,Marketing,Brand Manager,Master,23,14,70065,Travel Frequently,3,4,4,4,No,4,0,2017-06-18,No,6,1,3,4
EMP1310,47,Male,Divorced,Pune,Finance,Financial Analyst,PhD,6,6,93805,Travel Rarely,25,2,3,2,No,5,7,2017-01-14,No,20,1,2,3
EMP1311,34,Male,Single,Delhi,Sales,Business Development,Bachelor,1,1,74274,Travel Frequently,30,4,3,3,Yes,0,2,2014-01-30,No,6,3,3,3
EMP1312,45,Male,Divorced,Bangalore,Finance,Financial Analyst,Bachelor,5,2,113707,Travel Rarely,4,4,4,3,No,3,7,2012-08-19,Yes,17,1,3,2
EMP1313,34,Female,Single,Hyderabad,HR,HR Analyst,PhD,6,1,52346,Travel Rarely,22,2,3,4,Yes,4,6,2013-04-10,Yes,11,3,3,3
EMP1314,28,Male,Single,Mumbai,Operations,Operations Manager,PhD,4,2,48555,Travel Rarely,20,3,3,3,No,6,5,2017-06-19,No,9,0,3,2
EMP1315,51,Female,Married,Mumbai,Product,Product Analyst,Master,4,4,67911,Travel Rarely,9,2,4,3,No,6,8,2021-11-24,No,15,3,4,2
EMP1316,57,Female,Single,Delhi,Product,UX Designer,High School,27,14,126568,Travel Rarely,15,2,1,2,Yes,5,8,2019-11-14,Yes,20,3,3,4
EMP1317,44,Male,Divorced,Kolkata,Finance,Financial Analyst,Bachelor,2,1,67312,No Travel,7,3,2,2,No,4,3,2016-05-16,No,20,0,4,1
EMP1318,45,Female,Divorced,Pune,Marketing,Brand Manager,High School,18,10,98145,No Travel,21,1,4,2,No,3,7,2012-05-18,No,15,1,2,1
EMP1319,25,Male,Single,Delhi,Operations,Logistics Coordinator,PhD,0,0,73952,Travel Frequently,1,2,4,3,No,0,2,2023-07-05,No,8,2,3,3
EMP1320,44,Female,Married,Chennai,Operations,Supply Chain Analyst,Bachelor,21,13,50497,Travel Frequently,3,4,3,3,No,3,6,2018-03-30,No,7,0,3,4
EMP1321,53,Female,Single,Chennai,HR,Recruiter,PhD,16,9,74626,Travel Frequently,22,1,4,3,No,1,0,2021-10-08,Yes,22,0,4,3
EMP1322,28,Female,Single,Kolkata,Legal,Legal Analyst,Bachelor,3,3,98294,No Travel,22,3,4,3,Yes,5,1,2022-10-01,No,18,2,2,3
EMP1323,43,Male,Single,Bangalore,Product,Product Analyst,PhD,5,3,76459,Travel Frequently,13,4,2,3,No,0,6,2011-10-03,No,24,3,2,4
EMP1324,41,Male,Divorced,Bangalore,Sales,Sales Manager,PhD,2,2,57605,Travel Frequently,21,3,2,4,Yes,3,3,2010-04-24,No,7,2,4,2
EMP1325,29,Female,Single,Mumbai,Legal,Legal Counsel,High School,2,0,113754,Travel Frequently,27,4,3,3,Yes,4,6,2019-12-27,No,18,3,3,3
EMP1326,53,Male,Married,Chennai,Operations,Operations Manager,Master,12,8,70777,No Travel,17,4,4,4,Yes,0,4,2023-04-04,No,25,3,4,2
EMP1327,49,Female,Single,Mumbai,Sales,Sales Manager,PhD,0,0,59692,Travel Frequently,28,3,3,3,No,4,5,2014-04-24,No,20,1,3,2
EMP1328,30,Male,Married,Mumbai,Marketing,Brand Manager,Master,2,2,58451,No Travel,2,4,3,4,Yes,4,2,2023-08-03,No,21,0,4,2
EMP1329,29,Male,Divorced,Hyderabad,Marketing,Content Writer,PhD,3,3,74058,No Travel,23,4,3,4,No,6,1,2017-08-19,No,24,0,4,1
EMP1330,29,Female,Married,Kolkata,Marketing,Content Writer,Bachelor,3,0,97157,No Travel,21,4,3,3,No,1,7,2013-07-10,No,18,0,2,4
EMP1331,54,Male,Single,Kolkata,Sales,Business Development,PhD,5,3,55309,Travel Rarely,14,3,2,3,No,4,7,2018-05-09,No,21,2,4,3
EMP1332,27,Female,Married,Delhi,Engineering,Software Engineer,Master,2,2,80906,Travel Frequently,2,1,4,3,Yes,4,5,2013-09-08,No,16,0,4,4
EMP1333,50,Male,Married,Hyderabad,Finance,Auditor,High School,20,17,67400,Travel Rarely,13,3,2,3,No,5,6,2022-03-18,No,9,2,2,3
EMP1334,32,Male,Married,Mumbai,Operations,Logistics Coordinator,Master,0,0,46950,No Travel,24,4,3,2,No,0,1,2022-02-10,No,19,2,3,1
EMP1335,58,Male,Divorced,Delhi,Sales,Account Manager,Bachelor,22,3,101913,Travel Rarely,22,2,3,2,No,4,8,2021-12-17,No,23,1,4,3
EMP1336,49,Female,Married,Chennai,Marketing,Content Writer,PhD,26,20,70015,Travel Rarely,13,3,3,4,No,4,7,2012-01-26,Yes,20,3,4,2
EMP1337,51,Male,Divorced,Kolkata,Finance,Auditor,PhD,4,0,115005,No Travel,12,2,3,2,No,4,5,2021-07-06,No,23,2,1,2
EMP1338,45,Male,Divorced,Delhi,Sales,Business Development,High School,9,1,67333,Travel Frequently,7,3,1,2,No,2,5,2010-08-18,No,7,0,3,3
EMP1339,46,Female,Single,Kolkata,Product,Product Analyst,PhD,15,12,120345,No Travel,28,3,4,2,No,1,6,2023-08-02,Yes,15,0,4,4
EMP1340,32,Male,Divorced,Chennai,Operations,Operations Manager,Bachelor,0,0,75243,Travel Frequently,25,3,2,2,No,4,0,2016-12-05,No,8,1,4,2
EMP1341,50,Male,Divorced,Mumbai,HR,Recruiter,PhD,2,1,83423,No Travel,14,3,4,3,No,1,1,2023-08-12,No,8,1,2,2
EMP1342,41,Female,Married,Mumbai,Marketing,Content Writer,PhD,13,13,84516,No Travel,5,1,1,3,No,2,0,2011-04-28,No,11,1,4,3
EMP1343,29,Male,Single,Kolkata,Product,Scrum Master,Bachelor,4,2,65868,Travel Frequently,9,1,3,2,No,0,6,2020-06-04,No,19,0,4,3
EMP1344,56,Female,Divorced,Bangalore,Finance,Finance Manager,High School,5,0,103398,Travel Rarely,20,3,1,4,No,6,4,2022-01-21,No,24,2,4,3
EMP1345,54,Female,Single,Chennai,Sales,Account Manager,Master,9,5,53019,Travel Frequently,9,3,2,3,Yes,4,4,2021-12-24,No,19,2,2,4
EMP1346,51,Female,Married,Chennai,Sales,Account Manager,High School,19,2,69319,Travel Frequently,18,3,4,1,No,3,0,2012-12-31,No,19,0,3,4
EMP1347,33,Female,Single,Hyderabad,Sales,Sales Manager,Master,11,11,107066,No Travel,22,3,2,4,Yes,2,3,2012-10-19,No,20,2,1,3
EMP1348,34,Male,Single,Chennai,HR,HR Manager,Bachelor,10,1,63045,No Travel,20,3,3,3,No,5,4,2016-03-22,No,23,1,4,3
EMP1349,23,Female,Married,Hyderabad,Operations,Supply Chain Analyst,PhD,1,1,80895,Travel Rarely,14,3,3,3,No,2,8,2020-03-07,Yes,6,1,1,4
EMP1350,22,Male,Single,Bangalore,Product,Product Analyst,Master,0,0,75300,No Travel,30,4,2,4,No,0,1,2011-11-02,No,5,3,3,1
EMP1351,37,Female,Single,Pune,Sales,Business Development,PhD,3,0,77678,No Travel,20,3,2,4,Yes,4,0,2017-08-23,No,6,3,2,4
EMP1352,25,Male,Divorced,Kolkata,Marketing,Content Writer,PhD,3,1,50580,Travel Frequently,13,3,3,2,Yes,3,0,2023-09-13,No,19,3,3,3
EMP1353,23,Male,Divorced,Chennai,Marketing,SEO Analyst,Master,1,1,75736,Travel Rarely,29,3,1,2,No,1,7,2023-03-09,No,24,3,2,2
EMP1354,30,Female,Divorced,Mumbai,Engineering,Software Engineer,Master,4,2,99247,No Travel,16,2,4,4,No,1,8,2021-07-05,No,23,1,1,3
EMP1355,44,Female,Divorced,Chennai,Engineering,QA Engineer,Master,6,4,125902,Travel Rarely,23,3,3,3,No,4,6,2014-07-07,No,15,1,2,4
EMP1356,36,Female,Single,Delhi,Engineering,QA Engineer,Bachelor,14,13,59751,No Travel,11,2,3,3,No,6,5,2015-01-02,No,5,0,3,3
EMP1357,50,Female,Divorced,Bangalore,Finance,Finance Manager,Bachelor,6,1,93995,No Travel,6,2,2,1,No,5,2,2018-01-27,Yes,13,0,1,3
EMP1358,43,Female,Divorced,Hyderabad,Legal,Legal Counsel,High School,6,1,75524,No Travel,29,2,3,3,No,4,3,2015-05-22,No,11,3,3,2
EMP1359,24,Female,Single,Pune,Legal,Compliance Officer,High School,2,1,93588,Travel Frequently,28,2,3,2,Yes,1,1,2022-01-04,No,10,3,4,3
EMP1360,55,Male,Single,Bangalore,Sales,Sales Manager,Bachelor,14,7,60710,No Travel,30,4,3,3,No,5,6,2018-05-21,No,11,2,3,3
EMP1361,38,Female,Married,Delhi,Finance,Finance Manager,PhD,2,1,62982,Travel Rarely,14,2,1,3,No,2,5,2011-11-20,No,13,3,1,3
EMP1362,44,Male,Divorced,Bangalore,Operations,Operations Manager,Master,2,0,60814,Travel Frequently,12,4,4,3,Yes,0,5,2021-04-03,No,13,2,3,4
EMP1363,30,Male,Married,Pune,Operations,Supply Chain Analyst,Bachelor,8,6,92943,No Travel,19,2,4,3,No,6,3,2010-03-11,No,11,3,2,3
EMP1364,43,Male,Divorced,Kolkata,Product,Scrum Master,Bachelor,2,1,83640,Travel Frequently,12,3,3,4,No,0,0,2014-03-19,No,20,2,2,3
EMP1365,42,Female,Married,Bangalore,Legal,Paralegal,PhD,18,2,57487,Travel Frequently,30,4,2,2,No,4,6,2010-09-21,No,11,3,2,3
EMP1366,27,Male,Single,Mumbai,Product,Product Analyst,High School,1,1,68943,No Travel,10,3,1,4,Yes,3,5,2022-05-27,Yes,21,0,2,4
EMP1367,32,Female,Divorced,Pune,Legal,Legal Analyst,PhD,1,0,64264,Travel Frequently,10,4,4,2,Yes,1,4,2019-05-21,No,23,1,3,3
EMP1368,22,Male,Divorced,Hyderabad,Operations,Supply Chain Analyst,Master,0,0,68678,Travel Rarely,19,2,3,2,No,3,4,2018-12-15,No,17,1,3,2
EMP1369,46,Female,Divorced,Hyderabad,Legal,Legal Analyst,Bachelor,21,15,67740,Travel Rarely,18,1,4,3,Yes,5,8,2022-10-03,Yes,8,2,1,2
EMP1370,50,Female,Single,Delhi,Sales,Sales Manager,High School,5,0,64959,Travel Rarely,24,3,3,1,No,2,1,2021-05-08,Yes,9,2,3,3
EMP1371,27,Female,Single,Chennai,Product,Product Manager,PhD,4,1,107854,No Travel,6,4,2,4,Yes,0,0,2019-10-26,Yes,13,1,3,2
EMP1372,50,Male,Single,Kolkata,Engineering,DevOps Engineer,PhD,22,6,62747,No Travel,20,4,3,3,No,0,5,2021-09-23,No,12,1,1,3
EMP1373,34,Male,Married,Mumbai,Engineering,Data Analyst,Bachelor,10,9,104988,No Travel,14,4,3,2,No,0,8,2014-12-12,No,17,3,2,2
EMP1374,33,Male,Single,Bangalore,Sales,Business Development,PhD,0,0,73563,Travel Frequently,12,2,3,2,Yes,4,7,2017-02-03,Yes,8,1,2,1
EMP1375,30,Male,Divorced,Chennai,Sales,Sales Manager,High School,5,1,60499,No Travel,13,1,1,3,No,3,1,2017-02-17,No,14,1,3,4
EMP1376,30,Female,Single,Mumbai,Marketing,Marketing Manager,Master,5,5,74730,No Travel,24,1,4,2,No,3,8,2014-07-13,Yes,18,2,4,2
EMP1377,37,Male,Single,Kolkata,Sales,Business Development,PhD,6,0,81464,No Travel,15,2,4,3,No,1,0,2015-07-28,No,25,1,4,2
EMP1378,37,Female,Divorced,Bangalore,Finance,Accountant,Master,2,1,81197,No Travel,19,2,2,3,Yes,2,5,2020-06-23,No,17,3,2,3
EMP1379,52,Female,Married,Delhi,Legal,Compliance Officer,Master,0,0,104763,Travel Rarely,6,4,3,4,Yes,5,6,2019-08-03,No,22,3,1,2
EMP1380,31,Female,Married,Mumbai,Product,UX Designer,High School,3,3,61894,No Travel,12,3,3,3,No,5,1,2021-03-25,No,17,1,2,3
EMP1381,54,Female,Divorced,Pune,Operations,Logistics Coordinator,High School,22,22,70908,Travel Frequently,30,4,3,3,Yes,0,2,2018-04-05,No,13,3,4,2
EMP1382,22,Female,Married,Pune,HR,Recruiter,Master,0,0,81640,Travel Frequently,6,4,3,3,Yes,3,4,2018-08-15,No,18,0,2,3
EMP1383,39,Female,Divorced,Delhi,Sales,Account Manager,Master,6,5,103968,Travel Rarely,23,2,3,1,Yes,6,2,2018-12-05,No,10,2,2,2
EMP1384,54,Female,Married,Pune,Product,UX Designer,High School,30,27,69360,Travel Frequently,29,1,2,2,No,2,2,2022-09-20,No,7,2,1,2
EMP1385,23,Male,Divorced,Kolkata,Marketing,SEO Analyst,High School,0,0,73597,Travel Frequently,4,4,3,3,No,0,8,2012-04-05,Yes,13,3,3,2
EMP1386,45,Female,Single,Hyderabad,Legal,Paralegal,PhD,21,12,112969,Travel Frequently,28,3,3,4,Yes,2,2,2017-01-26,No,5,0,4,2
EMP1387,50,Female,Single,Kolkata,HR,HR Analyst,Master,19,14,77434,No Travel,1,1,3,3,No,2,7,2020-08-28,No,17,0,2,4
EMP1388,46,Male,Married,Kolkata,Product,Product Manager,PhD,9,2,104345,Travel Rarely,26,4,3,4,Yes,3,1,2013-03-18,No,20,1,2,2
EMP1389,49,Male,Divorced,Pune,Marketing,Marketing Manager,PhD,22,2,49189,Travel Frequently,4,2,2,4,No,5,5,2017-04-28,No,12,0,3,3
EMP1390,36,Female,Single,Kolkata,Legal,Legal Analyst,Master,3,3,72582,Travel Frequently,19,3,4,2,No,0,0,2016-07-11,Yes,14,0,3,2
EMP1391,42,Male,Married,Kolkata,Legal,Legal Analyst,Bachelor,11,7,107041,Travel Frequently,11,2,3,3,No,3,7,2012-10-31,No,9,2,2,3
EMP1392,41,Female,Single,Kolkata,Engineering,Data Analyst,Master,16,4,126842,Travel Frequently,23,3,3,4,Yes,2,3,2012-10-08,No,12,0,4,4
EMP1393,41,Female,Married,Pune,Product,Scrum Master,Bachelor,5,5,131370,Travel Frequently,17,3,2,3,No,0,6,2022-04-16,No,8,1,2,4
EMP1394,51,Male,Married,Pune,Engineering,Data Analyst,High School,20,4,70631,Travel Rarely,24,4,2,3,No,1,6,2013-01-31,No,10,0,1,4
EMP1395,29,Male,Divorced,Pune,Finance,Financial Analyst,PhD,5,5,91627,Travel Frequently,20,1,2,3,No,5,1,2013-05-02,No,19,3,2,3
EMP1396,29,Male,Divorced,Bangalore,Sales,Sales Executive,PhD,1,1,55159,Travel Frequently,9,2,3,4,No,3,6,2020-12-21,No,14,1,1,1
EMP1397,23,Male,Single,Pune,Finance,Auditor,High School,1,0,89298,Travel Frequently,26,1,4,3,No,6,2,2022-01-12,No,5,3,4,2
EMP1398,32,Male,Married,Hyderabad,Finance,Accountant,Master,1,1,89699,No Travel,1,2,4,2,Yes,5,7,2010-10-14,Yes,15,2,3,3
EMP1399,37,Female,Single,Chennai,Marketing,Marketing Manager,Master,1,1,57831,Travel Rarely,5,2,3,2,No,2,2,2016-09-21,No,17,3,1,2
EMP1400,56,Male,Married,Kolkata,Legal,Compliance Officer,Bachelor,6,2,60515,Travel Rarely,17,2,3,3,No,6,6,2016-01-16,No,5,1,1,2
EMP1401,26,Male,Married,Hyderabad,Marketing,Brand Manager,High School,2,0,82425,Travel Frequently,13,2,4,4,Yes,0,4,2018-02-20,No,23,3,1,2
EMP1402,28,Female,Divorced,Bangalore,Operations,Logistics Coordinator,Master,0,0,54378,Travel Frequently,13,3,4,4,No,6,8,2018-09-27,No,9,1,2,3
EMP1403,45,Female,Divorced,Pune,Operations,Operations Manager,Bachelor,22,9,85931,Travel Frequently,9,3,3,3,No,2,1,2023-08-27,No,14,3,4,4
EMP1404,37,Male,Married,Delhi,Marketing,Marketing Manager,High School,2,1,56582,No Travel,22,4,4,3,Yes,3,3,2011-04-16,Yes,5,3,3,3
EMP1405,50,Female,Married,Bangalore,HR,HR Manager,Master,5,0,76856,Travel Rarely,14,3,2,2,No,0,3,2021-09-28,No,22,0,2,3
EMP1406,22,Female,Single,Mumbai,Operations,Supply Chain Analyst,High School,0,0,56808,Travel Rarely,28,3,4,4,No,4,4,2016-11-02,No,16,0,1,4
EMP1407,44,Female,Single,Delhi,Finance,Auditor,PhD,0,0,60923,Travel Rarely,5,4,3,3,No,0,5,2021-01-13,No,18,1,3,2
EMP1408,32,Female,Divorced,Mumbai,Product,Scrum Master,High School,2,0,86503,Travel Frequently,13,3,2,4,Yes,1,3,2019-09-26,Yes,20,2,2,3
EMP1409,42,Male,Single,Pune,Product,UX Designer,Master,12,6,96930,Travel Frequently,25,4,2,4,No,0,0,2018-09-21,Yes,18,3,2,3
EMP1410,31,Male,Divorced,Pune,Legal,Compliance Officer,Bachelor,8,3,67959,Travel Frequently,16,4,2,4,No,1,2,2016-04-22,No,12,0,2,1
EMP1411,49,Female,Married,Hyderabad,HR,Recruiter,PhD,0,0,73976,Travel Rarely,11,3,3,3,No,1,1,2012-01-15,No,13,2,2,3
EMP1412,42,Male,Married,Delhi,Legal,Compliance Officer,Master,1,1,67632,Travel Rarely,14,2,3,3,No,0,1,2010-01-05,Yes,8,0,3,4
EMP1413,45,Male,Single,Chennai,Finance,Finance Manager,Bachelor,23,6,105146,Travel Frequently,5,3,2,3,No,0,7,2023-03-18,No,8,0,4,3
EMP1414,34,Female,Married,Delhi,Operations,Process Manager,High School,8,6,82980,No Travel,30,3,4,3,No,6,7,2010-12-25,Yes,18,0,2,2
EMP1415,24,Female,Divorced,Kolkata,Finance,Finance Manager,PhD,2,1,58393,Travel Frequently,15,3,4,3,No,1,4,2014-04-08,No,11,1,1,3
EMP1416,54,Male,Married,Hyderabad,Engineering,QA Engineer,Bachelor,22,8,108499,No Travel,18,3,3,2,Yes,0,4,2015-10-22,No,6,1,4,2
EMP1417,44,Female,Single,Pune,Marketing,Marketing Manager,High School,20,11,80520,No Travel,10,4,2,4,Yes,4,4,2018-04-12,No,10,2,4,3
EMP1418,38,Female,Married,Bangalore,Marketing,Brand Manager,PhD,6,0,92036,Travel Rarely,8,3,4,2,No,3,2,2014-12-13,No,19,1,4,2
EMP1419,40,Female,Single,Pune,Product,UX Designer,Bachelor,0,0,83435,Travel Frequently,30,2,2,3,No,3,1,2013-12-26,No,17,3,1,4
EMP1420,37,Male,Single,Bangalore,Engineering,DevOps Engineer,PhD,2,2,77700,Travel Rarely,28,4,2,4,No,2,2,2023-06-14,Yes,14,2,3,2
EMP1421,23,Female,Single,Mumbai,Operations,Operations Manager,Master,0,0,50846,Travel Frequently,14,3,1,4,Yes,1,6,2016-08-27,Yes,8,3,2,2
EMP1422,44,Female,Divorced,Bangalore,Marketing,SEO Analyst,PhD,2,0,81093,Travel Frequently,17,1,1,4,Yes,3,4,2012-08-27,No,24,2,2,2
EMP1423,38,Male,Single,Chennai,Product,Product Analyst,PhD,2,2,117135,Travel Rarely,27,2,3,2,No,3,2,2013-05-02,No,7,2,4,2
EMP1424,42,Female,Divorced,Chennai,Legal,Paralegal,PhD,15,7,83125,Travel Rarely,14,2,4,3,No,3,1,2019-04-15,No,23,3,3,4
EMP1425,37,Male,Married,Delhi,HR,HR Manager,Bachelor,11,8,43542,Travel Rarely,28,2,2,3,No,2,3,2010-05-21,No,11,1,1,2
EMP1426,23,Male,Single,Hyderabad,Finance,Auditor,High School,1,1,77793,No Travel,5,4,4,2,Yes,2,2,2012-05-18,No,20,1,3,3
EMP1427,48,Male,Married,Kolkata,Operations,Process Manager,PhD,23,21,63041,Travel Rarely,6,4,1,2,No,4,8,2010-04-19,No,13,2,3,3
EMP1428,27,Male,Divorced,Delhi,Finance,Finance Manager,PhD,4,2,78159,Travel Frequently,20,1,3,3,No,4,6,2012-10-22,No,17,1,1,3
EMP1429,39,Male,Married,Bangalore,Legal,Compliance Officer,Bachelor,3,0,62681,No Travel,7,1,2,4,No,0,4,2018-02-19,No,7,0,3,4
EMP1430,42,Female,Single,Pune,Engineering,Software Engineer,High School,2,1,123658,Travel Rarely,24,4,3,4,No,3,8,2010-03-11,No,8,1,1,4
EMP1431,40,Male,Divorced,Bangalore,Product,Product Manager,Master,5,3,72268,No Travel,21,4,2,3,Yes,5,5,2020-05-21,Yes,14,2,3,4
EMP1432,37,Female,Divorced,Kolkata,Engineering,QA Engineer,High School,6,3,127296,No Travel,25,3,3,2,No,1,7,2023-08-12,Yes,15,1,4,2
EMP1433,44,Female,Single,Mumbai,Operations,Logistics Coordinator,Master,2,1,49198,Travel Rarely,4,2,4,3,No,1,2,2020-05-02,No,19,2,3,3
EMP1434,27,Male,Divorced,Kolkata,Sales,Business Development,High School,5,1,74199,No Travel,26,3,3,4,No,5,4,2020-02-05,No,17,1,3,4
EMP1435,51,Female,Married,Bangalore,HR,Training Coordinator,PhD,21,10,48037,No Travel,30,4,2,3,Yes,0,5,2020-06-13,No,15,3,2,3
EMP1436,51,Female,Married,Delhi,Marketing,SEO Analyst,Bachelor,1,0,77252,No Travel,30,3,4,2,No,0,0,2020-07-16,Yes,18,2,2,2
EMP1437,39,Female,Married,Kolkata,Finance,Financial Analyst,Master,12,2,59698,No Travel,29,3,2,3,No,0,5,2020-02-16,No,18,3,3,3
EMP1438,44,Female,Single,Bangalore,Finance,Auditor,PhD,22,4,90187,Travel Rarely,11,2,3,4,No,1,5,2010-03-23,No,8,3,2,3
EMP1439,50,Male,Married,Bangalore,Product,UX Designer,Bachelor,20,18,129849,No Travel,13,2,3,3,No,4,5,2012-03-09,Yes,16,0,2,2
EMP1440,51,Female,Single,Chennai,Marketing,Brand Manager,Bachelor,13,8,69925,Travel Rarely,14,4,2,3,No,3,6,2017-11-25,No,14,3,3,3
EMP1441,28,Male,Divorced,Mumbai,Marketing,Marketing Manager,PhD,0,0,82939,No Travel,15,3,3,2,No,5,7,2023-10-28,No,22,3,2,4
EMP1442,51,Female,Divorced,Bangalore,Marketing,SEO Analyst,High School,13,6,96994,No Travel,10,2,2,3,No,2,0,2018-11-17,Yes,5,1,4,4
EMP1443,32,Male,Divorced,Delhi,Sales,Business Development,Bachelor,9,6,107586,Travel Rarely,14,3,3,3,Yes,4,8,2015-06-05,No,10,3,2,3
EMP1444,58,Male,Single,Chennai,Finance,Financial Analyst,High School,25,18,79061,Travel Rarely,21,2,1,2,Yes,0,0,2015-11-02,No,9,3,3,4
EMP1445,36,Male,Divorced,Hyderabad,Finance,Accountant,High School,4,0,66694,Travel Rarely,30,3,2,4,Yes,0,1,2015-07-03,No,8,1,2,4
EMP1446,53,Female,Married,Mumbai,Marketing,Marketing Manager,PhD,27,25,67260,No Travel,7,1,1,3,No,0,2,2014-08-31,No,14,0,4,3
EMP1447,43,Male,Divorced,Chennai,Engineering,Software Engineer,Bachelor,11,3,92405,Travel Rarely,1,3,2,1,Yes,4,1,2023-10-09,No,11,0,2,2
EMP1448,39,Male,Married,Bangalore,Finance,Finance Manager,Bachelor,15,8,67032,Travel Rarely,13,2,3,3,No,4,1,2012-01-24,No,23,2,2,2
EMP1449,50,Male,Married,Bangalore,Product,Scrum Master,High School,13,8,103581,Travel Rarely,29,3,3,3,No,2,6,2016-02-04,No,14,2,3,2
EMP1450,33,Female,Single,Delhi,Sales,Sales Manager,Master,5,1,64530,Travel Frequently,23,4,2,3,No,0,1,2014-10-29,No,17,2,3,3
EMP1451,26,Male,Married,Delhi,Marketing,SEO Analyst,High School,4,0,96160,Travel Rarely,16,4,2,3,Yes,3,2,2019-06-17,No,24,2,3,2
EMP1452,23,Male,Single,Delhi,Engineering,Data Analyst,High School,0,0,121491,Travel Frequently,21,1,3,4,No,2,4,2016-05-18,Yes,13,2,4,3
EMP1453,25,Male,Single,Kolkata,Sales,Sales Manager,High School,3,1,67590,No Travel,1,4,4,3,No,0,5,2020-03-12,No,18,1,2,2
EMP1454,25,Female,Divorced,Bangalore,Sales,Sales Executive,Bachelor,2,2,101279,Travel Rarely,13,1,2,4,No,6,1,2010-12-19,Yes,9,2,4,4
EMP1455,29,Male,Married,Chennai,Legal,Legal Analyst,Bachelor,3,1,92984,Travel Frequently,23,3,2,3,Yes,2,1,2020-12-28,No,7,3,1,1
EMP1456,46,Female,Divorced,Bangalore,HR,Training Coordinator,High School,6,1,67587,No Travel,23,3,4,3,No,2,5,2017-08-20,No,17,3,4,3
EMP1457,26,Male,Married,Bangalore,Legal,Compliance Officer,Master,2,0,83078,Travel Rarely,8,2,3,3,Yes,0,8,2016-11-21,No,19,2,2,4
EMP1458,49,Female,Single,Mumbai,Marketing,SEO Analyst,Bachelor,6,3,55793,No Travel,24,3,3,3,Yes,3,4,2021-04-06,No,21,3,3,2
EMP1459,29,Female,Married,Delhi,Engineering,DevOps Engineer,High School,3,1,67332,Travel Frequently,23,3,2,2,No,5,4,2010-10-20,No,20,1,2,2
EMP1460,22,Male,Married,Delhi,Operations,Logistics Coordinator,Bachelor,0,0,55124,Travel Frequently,6,4,2,3,No,0,7,2023-12-15,No,18,2,1,4
EMP1461,22,Male,Divorced,Chennai,Marketing,Content Writer,Bachelor,0,0,100343,No Travel,10,3,1,4,Yes,5,1,2023-01-30,Yes,14,2,3,3
EMP1462,38,Female,Single,Mumbai,Operations,Process Manager,High School,11,2,69355,Travel Rarely,20,3,3,3,No,6,3,2017-11-28,No,9,2,3,2
EMP1463,35,Male,Married,Pune,Legal,Paralegal,Master,11,5,61713,Travel Rarely,29,4,3,4,No,3,6,2018-06-22,No,13,2,2,3
EMP1464,49,Female,Divorced,Chennai,Sales,Sales Executive,Bachelor,25,9,76609,Travel Rarely,17,3,3,4,No,1,4,2017-10-13,No,7,2,1,1
EMP1465,25,Male,Single,Pune,Operations,Operations Manager,Master,3,1,61402,Travel Frequently,28,1,2,4,No,6,3,2019-08-27,No,18,0,2,1
EMP1466,46,Male,Divorced,Kolkata,Sales,Account Manager,Bachelor,13,4,73388,No Travel,26,3,2,4,No,2,6,2012-03-14,No,22,1,2,1
EMP1467,46,Female,Married,Delhi,Product,UX Designer,High School,13,8,68361,No Travel,15,4,3,3,No,3,6,2021-10-23,No,7,1,3,2
EMP1468,30,Female,Single,Hyderabad,HR,HR Analyst,High School,8,4,88035,Travel Frequently,28,2,3,4,No,6,1,2016-07-31,Yes,15,0,4,3
EMP1469,29,Female,Divorced,Mumbai,Sales,Sales Executive,High School,0,0,90810,Travel Frequently,5,3,2,3,No,6,3,2021-07-31,Yes,8,0,1,3
EMP1470,37,Male,Divorced,Mumbai,Marketing,Marketing Manager,PhD,6,6,53236,Travel Frequently,27,1,2,3,No,1,1,2010-07-21,No,18,1,3,2
EMP1471,54,Female,Married,Pune,HR,Recruiter,High School,23,14,78101,Travel Rarely,9,3,4,3,No,5,6,2014-06-30,No,9,0,2,2
EMP1472,41,Male,Single,Mumbai,Legal,Legal Counsel,Bachelor,1,1,97286,Travel Frequently,9,3,2,4,No,3,8,2023-11-27,No,17,0,2,2
EMP1473,30,Male,Divorced,Pune,Sales,Sales Manager,Master,4,1,95613,Travel Frequently,22,4,3,2,No,4,5,2016-10-17,No,23,2,3,4
EMP1474,23,Male,Single,Bangalore,Marketing,Marketing Manager,PhD,0,0,60204,No Travel,26,2,2,3,No,5,0,2012-05-20,No,24,2,2,4
EMP1475,45,Male,Single,Mumbai,Marketing,Brand Manager,PhD,19,14,81942,Travel Frequently,18,3,3,3,No,4,4,2010-08-30,No,12,1,3,3
EMP1476,23,Female,Single,Kolkata,HR,HR Manager,Bachelor,0,0,53495,Travel Frequently,22,3,3,3,Yes,1,5,2013-02-25,No,16,1,4,3
EMP1477,58,Female,Married,Delhi,Legal,Legal Counsel,Master,2,0,64140,No Travel,27,2,3,2,No,1,4,2021-08-08,No,7,1,4,4
EMP1478,25,Male,Divorced,Kolkata,Operations,Process Manager,Master,0,0,75804,No Travel,5,3,2,1,No,0,7,2015-11-25,No,7,0,2,1
EMP1479,57,Male,Single,Hyderabad,Legal,Legal Counsel,High School,15,6,116582,Travel Frequently,10,3,2,2,No,3,6,2016-01-26,No,5,3,1,4
EMP1480,49,Male,Single,Chennai,Finance,Auditor,High School,17,7,63196,Travel Rarely,8,4,3,3,No,0,8,2019-10-28,Yes,23,0,4,1
EMP1481,26,Female,Married,Pune,HR,HR Manager,High School,0,0,49685,No Travel,20,3,4,3,No,1,4,2014-01-19,No,22,1,3,3
EMP1482,50,Male,Single,Mumbai,Sales,Account Manager,PhD,22,22,67836,Travel Frequently,18,3,3,3,Yes,5,7,2018-03-25,No,13,0,2,2
EMP1483,57,Male,Married,Mumbai,HR,HR Analyst,PhD,6,2,49488,No Travel,16,3,4,2,No,0,0,2013-03-08,Yes,13,3,3,4
EMP1484,24,Female,Married,Kolkata,Legal,Legal Analyst,Bachelor,0,0,69166,Travel Rarely,30,3,1,3,No,0,6,2014-02-19,No,18,0,4,3
EMP1485,49,Female,Single,Bangalore,Operations,Process Manager,Master,18,10,82899,Travel Frequently,9,3,4,4,Yes,0,6,2021-08-21,No,6,2,3,3
EMP1486,41,Male,Married,Hyderabad,Engineering,Software Engineer,High School,18,8,104432,Travel Frequently,16,1,1,3,Yes,2,8,2015-12-07,No,15,0,3,2
EMP1487,53,Female,Divorced,Mumbai,Operations,Logistics Coordinator,High School,4,4,57325,Travel Frequently,17,1,2,3,Yes,5,3,2013-11-30,Yes,6,2,4,1
EMP1488,37,Female,Single,Pune,Sales,Sales Executive,PhD,11,4,56687,No Travel,22,2,2,3,No,6,0,2021-05-15,No,15,2,2,3
EMP1489,40,Female,Single,Delhi,Sales,Sales Manager,High School,0,0,59634,Travel Rarely,17,3,2,2,Yes,2,1,2011-01-01,No,7,1,3,4
EMP1490,55,Male,Married,Bangalore,Legal,Legal Counsel,PhD,25,10,59291,Travel Frequently,11,2,2,3,No,1,1,2020-08-05,No,12,3,3,4
EMP1491,44,Male,Married,Pune,Sales,Sales Executive,Bachelor,17,8,79525,Travel Rarely,5,3,3,3,No,6,5,2018-02-15,No,15,0,1,3
EMP1492,34,Male,Married,Hyderabad,Finance,Auditor,Bachelor,2,0,109287,No Travel,5,4,3,3,No,0,8,2010-05-08,Yes,21,3,4,3
EMP1493,40,Female,Divorced,Delhi,Legal,Compliance Officer,PhD,3,2,77555,Travel Rarely,15,4,1,3,No,2,2,2017-07-20,No,10,0,2,1
EMP1494,46,Female,Married,Mumbai,Sales,Sales Manager,PhD,10,5,75662,No Travel,19,4,2,3,No,0,2,2021-05-30,No,6,1,3,2
EMP1495,44,Male,Single,Pune,Sales,Sales Executive,Master,9,2,59938,No Travel,25,4,2,3,No,4,3,2016-06-16,No,22,1,1,4
EMP1496,53,Female,Single,Pune,HR,HR Manager,High School,26,14,84190,Travel Rarely,15,3,3,4,No,6,7,2018-04-16,No,13,0,4,4
EMP1497,27,Female,Single,Delhi,Marketing,SEO Analyst,High School,5,5,90756,Travel Frequently,3,2,3,3,No,6,5,2011-09-02,No,11,0,4,3
EMP1498,46,Male,Divorced,Kolkata,HR,Recruiter,Bachelor,7,0,76798,Travel Rarely,29,2,3,3,Yes,5,1,2015-12-14,No,20,1,3,1
EMP1499,37,Female,Divorced,Delhi,Operations,Process Manager,Master,11,1,70680,No Travel,13,4,3,4,No,5,1,2014-01-15,No,14,3,4,2
EMP1500,33,Female,Divorced,Bangalore,Legal,Legal Counsel,High School,7,4,117204,Travel Rarely,16,2,4,3,No,6,8,2012-07-19,No,11,3,1,4
